{
    "step": 0,
    "test_acc": 0.9422000050544739,
    "test_loss": 0.1955079883337021,
    "epoch": 9
}