{
    "step": 93,
    "train_acc": 0.984375,
    "train_loss": 0.021793540567159653,
    "epoch": 9,
    "test_acc": 0.9907000064849854,
    "test_loss": 0.028150731697678566
}